snr_bob,ber_bob,snr_eve,ber_eve,security_gap
10,0.342303991317749,0,0.38665398955345154,10
